<annotation>
	<folder>JPEGImages</folder>
	<filename>02c857e3b154674439a9230d4ac391cd.jpg</filename>
	<path>C:\Users\ASUS\Desktop\mydataset\JPEGImages\02c857e3b154674439a9230d4ac391cd.jpg</path>
	<source>
		<database>Unknown</database>
	</source>
	<size>
		<width>600</width>
		<height>450</height>
		<depth>3</depth>
	</size>
	<segmented>0</segmented>
	<object>
		<name>person</name>
		<pose>Unspecified</pose>
		<truncated>0</truncated>
		<difficult>0</difficult>
		<bndbox>
			<xmin>217</xmin>
			<ymin>39</ymin>
			<xmax>385</xmax>
			<ymax>449</ymax>
		</bndbox>
	</object>
	<object>
		<name>Electric-bicycle</name>
		<pose>Unspecified</pose>
		<truncated>0</truncated>
		<difficult>0</difficult>
		<bndbox>
			<xmin>275</xmin>
			<ymin>197</ymin>
			<xmax>427</xmax>
			<ymax>449</ymax>
		</bndbox>
	</object>
</annotation>
