<annotation>
	<folder>JPEGImages</folder>
	<filename>07060b7627938f7509feacb444f19df1.jpg</filename>
	<path>C:\Users\ASUS\Desktop\mydataset\JPEGImages\07060b7627938f7509feacb444f19df1.jpg</path>
	<source>
		<database>Unknown</database>
	</source>
	<size>
		<width>800</width>
		<height>462</height>
		<depth>3</depth>
	</size>
	<segmented>0</segmented>
	<object>
		<name>person</name>
		<pose>Unspecified</pose>
		<truncated>0</truncated>
		<difficult>0</difficult>
		<bndbox>
			<xmin>281</xmin>
			<ymin>68</ymin>
			<xmax>417</xmax>
			<ymax>406</ymax>
		</bndbox>
	</object>
	<object>
		<name>Electric-bicycle</name>
		<pose>Unspecified</pose>
		<truncated>0</truncated>
		<difficult>0</difficult>
		<bndbox>
			<xmin>367</xmin>
			<ymin>169</ymin>
			<xmax>462</xmax>
			<ymax>434</ymax>
		</bndbox>
	</object>
</annotation>
