<annotation>
	<folder>motorcycle</folder>
	<filename>1595214506200933-1604645508-[]-motorcycle.jpg</filename>
	<path>E:\黄涵智\天覆科技\圈图\motorcycle-bicycle-person\motorcycle\1595214506200933-1604645508-[]-motorcycle.jpg</path>
	<source>
		<database>Unknown</database>
	</source>
	<size>
		<width>1920</width>
		<height>1080</height>
		<depth>3</depth>
	</size>
	<segmented>0</segmented>
	<object>
		<name>person</name>
		<pose>Unspecified</pose>
		<truncated>0</truncated>
		<difficult>0</difficult>
		<bndbox>
			<xmin>942</xmin>
			<ymin>227</ymin>
			<xmax>1313</xmax>
			<ymax>642</ymax>
		</bndbox>
	</object>
	<object>
		<name>person</name>
		<pose>Unspecified</pose>
		<truncated>0</truncated>
		<difficult>0</difficult>
		<bndbox>
			<xmin>1218</xmin>
			<ymin>256</ymin>
			<xmax>1363</xmax>
			<ymax>445</ymax>
		</bndbox>
	</object>
	<object>
		<name>Electric-bicycle</name>
		<pose>Unspecified</pose>
		<truncated>0</truncated>
		<difficult>0</difficult>
		<bndbox>
			<xmin>845</xmin>
			<ymin>433</ymin>
			<xmax>1241</xmax>
			<ymax>1042</ymax>
		</bndbox>
	</object>
</annotation>
