<annotation>
	<folder>motorcycle</folder>
	<filename>1595214506200933-1606519196-[]-motorcycle.jpg</filename>
	<path>E:\黄涵智\天覆科技\圈图\motorcycle-bicycle-person\motorcycle\1595214506200933-1606519196-[]-motorcycle.jpg</path>
	<source>
		<database>Unknown</database>
	</source>
	<size>
		<width>1920</width>
		<height>1080</height>
		<depth>3</depth>
	</size>
	<segmented>0</segmented>
	<object>
		<name>person</name>
		<pose>Unspecified</pose>
		<truncated>0</truncated>
		<difficult>0</difficult>
		<bndbox>
			<xmin>1039</xmin>
			<ymin>216</ymin>
			<xmax>1290</xmax>
			<ymax>864</ymax>
		</bndbox>
	</object>
	<object>
		<name>Electric-bicycle</name>
		<pose>Unspecified</pose>
		<truncated>0</truncated>
		<difficult>0</difficult>
		<bndbox>
			<xmin>785</xmin>
			<ymin>373</ymin>
			<xmax>1130</xmax>
			<ymax>1043</ymax>
		</bndbox>
	</object>
</annotation>
