<annotation>
	<folder>motorcycle</folder>
	<filename>1595214506202667-1601156762-[]-motorcycle.jpg</filename>
	<path>E:\黄涵智\天覆科技\圈图\motorcycle-bicycle-person\motorcycle\1595214506202667-1601156762-[]-motorcycle.jpg</path>
	<source>
		<database>Unknown</database>
	</source>
	<size>
		<width>1280</width>
		<height>720</height>
		<depth>3</depth>
	</size>
	<segmented>0</segmented>
	<object>
		<name>person</name>
		<pose>Unspecified</pose>
		<truncated>0</truncated>
		<difficult>0</difficult>
		<bndbox>
			<xmin>729</xmin>
			<ymin>203</ymin>
			<xmax>888</xmax>
			<ymax>615</ymax>
		</bndbox>
	</object>
	<object>
		<name>Electric-bicycle</name>
		<pose>Unspecified</pose>
		<truncated>1</truncated>
		<difficult>0</difficult>
		<bndbox>
			<xmin>527</xmin>
			<ymin>319</ymin>
			<xmax>838</xmax>
			<ymax>720</ymax>
		</bndbox>
	</object>
</annotation>
