<annotation>
	<folder>motorcycle</folder>
	<filename>1595214506200933-1606781280-[]-motorcycle.jpg</filename>
	<path>E:\黄涵智\天覆科技\圈图\motorcycle-bicycle-person\motorcycle\1595214506200933-1606781280-[]-motorcycle.jpg</path>
	<source>
		<database>Unknown</database>
	</source>
	<size>
		<width>1920</width>
		<height>1080</height>
		<depth>3</depth>
	</size>
	<segmented>0</segmented>
	<object>
		<name>person</name>
		<pose>Unspecified</pose>
		<truncated>0</truncated>
		<difficult>0</difficult>
		<bndbox>
			<xmin>1121</xmin>
			<ymin>471</ymin>
			<xmax>1457</xmax>
			<ymax>1063</ymax>
		</bndbox>
	</object>
	<object>
		<name>person</name>
		<pose>Unspecified</pose>
		<truncated>1</truncated>
		<difficult>0</difficult>
		<bndbox>
			<xmin>1016</xmin>
			<ymin>886</ymin>
			<xmax>1249</xmax>
			<ymax>1080</ymax>
		</bndbox>
	</object>
	<object>
		<name>person</name>
		<pose>Unspecified</pose>
		<truncated>0</truncated>
		<difficult>0</difficult>
		<bndbox>
			<xmin>401</xmin>
			<ymin>634</ymin>
			<xmax>876</xmax>
			<ymax>1078</ymax>
		</bndbox>
	</object>
	<object>
		<name>Electric-bicycle</name>
		<pose>Unspecified</pose>
		<truncated>0</truncated>
		<difficult>0</difficult>
		<bndbox>
			<xmin>285</xmin>
			<ymin>557</ymin>
			<xmax>1060</xmax>
			<ymax>1041</ymax>
		</bndbox>
	</object>
</annotation>
