<annotation>
	<folder>motorcycle</folder>
	<filename>1595214506202667-1601555685-[]-motorcycle.jpg</filename>
	<path>E:\黄涵智\天覆科技\圈图\motorcycle-bicycle-person\motorcycle\1595214506202667-1601555685-[]-motorcycle.jpg</path>
	<source>
		<database>Unknown</database>
	</source>
	<size>
		<width>1280</width>
		<height>720</height>
		<depth>3</depth>
	</size>
	<segmented>0</segmented>
	<object>
		<name>person</name>
		<pose>Unspecified</pose>
		<truncated>0</truncated>
		<difficult>0</difficult>
		<bndbox>
			<xmin>721</xmin>
			<ymin>383</ymin>
			<xmax>880</xmax>
			<ymax>719</ymax>
		</bndbox>
	</object>
	<object>
		<name>bicycle</name>
		<pose>Unspecified</pose>
		<truncated>0</truncated>
		<difficult>0</difficult>
		<bndbox>
			<xmin>391</xmin>
			<ymin>486</ymin>
			<xmax>734</xmax>
			<ymax>718</ymax>
		</bndbox>
	</object>
</annotation>
