<annotation>
	<folder>motorcycle</folder>
	<filename>1595214506202667-1601278288-[]-motorcycle.jpg</filename>
	<path>E:\黄涵智\天覆科技\圈图\motorcycle-bicycle-person\motorcycle\1595214506202667-1601278288-[]-motorcycle.jpg</path>
	<source>
		<database>Unknown</database>
	</source>
	<size>
		<width>1280</width>
		<height>720</height>
		<depth>3</depth>
	</size>
	<segmented>0</segmented>
	<object>
		<name>person</name>
		<pose>Unspecified</pose>
		<truncated>0</truncated>
		<difficult>0</difficult>
		<bndbox>
			<xmin>702</xmin>
			<ymin>396</ymin>
			<xmax>818</xmax>
			<ymax>629</ymax>
		</bndbox>
	</object>
	<object>
		<name>person</name>
		<pose>Unspecified</pose>
		<truncated>0</truncated>
		<difficult>0</difficult>
		<bndbox>
			<xmin>370</xmin>
			<ymin>214</ymin>
			<xmax>597</xmax>
			<ymax>543</ymax>
		</bndbox>
	</object>
	<object>
		<name>person</name>
		<pose>Unspecified</pose>
		<truncated>0</truncated>
		<difficult>0</difficult>
		<bndbox>
			<xmin>526</xmin>
			<ymin>522</ymin>
			<xmax>670</xmax>
			<ymax>641</ymax>
		</bndbox>
	</object>
</annotation>
