<annotation>
	<folder>motorcycle</folder>
	<filename>1595214506200933-1607166709-[]-motorcycle.jpg</filename>
	<path>E:\黄涵智\天覆科技\圈图\motorcycle-bicycle-person\motorcycle\1595214506200933-1607166709-[]-motorcycle.jpg</path>
	<source>
		<database>Unknown</database>
	</source>
	<size>
		<width>1920</width>
		<height>1080</height>
		<depth>3</depth>
	</size>
	<segmented>0</segmented>
	<object>
		<name>person</name>
		<pose>Unspecified</pose>
		<truncated>0</truncated>
		<difficult>0</difficult>
		<bndbox>
			<xmin>557</xmin>
			<ymin>479</ymin>
			<xmax>1060</xmax>
			<ymax>1074</ymax>
		</bndbox>
	</object>
	<object>
		<name>Electric-bicycle</name>
		<pose>Unspecified</pose>
		<truncated>0</truncated>
		<difficult>0</difficult>
		<bndbox>
			<xmin>381</xmin>
			<ymin>425</ymin>
			<xmax>1176</xmax>
			<ymax>1078</ymax>
		</bndbox>
	</object>
</annotation>
