<annotation>
	<folder>img</folder>
	<filename>1595214506200933-1605430384-[]-motorcycle.jpg</filename>
	<path>C:\Users\Administrator\Desktop\temp\img\1595214506200933-1605430384-[]-motorcycle.jpg</path>
	<source>
		<database>Unknown</database>
	</source>
	<size>
		<width>1920</width>
		<height>1080</height>
		<depth>3</depth>
	</size>
	<segmented>0</segmented>
	<object>
		<name>Electric-bicycle</name>
		<pose>Unspecified</pose>
		<truncated>0</truncated>
		<difficult>0</difficult>
		<bndbox>
			<xmin>987</xmin>
			<ymin>356</ymin>
			<xmax>1322</xmax>
			<ymax>906</ymax>
		</bndbox>
	</object>
	<object>
		<name>person</name>
		<pose>Unspecified</pose>
		<truncated>0</truncated>
		<difficult>0</difficult>
		<bndbox>
			<xmin>1081</xmin>
			<ymin>213</ymin>
			<xmax>1335</xmax>
			<ymax>777</ymax>
		</bndbox>
	</object>
	<object>
		<name>person</name>
		<pose>Unspecified</pose>
		<truncated>0</truncated>
		<difficult>0</difficult>
		<bndbox>
			<xmin>557</xmin>
			<ymin>252</ymin>
			<xmax>918</xmax>
			<ymax>1050</ymax>
		</bndbox>
	</object>
</annotation>
