<annotation>
	<folder>JPEGImages</folder>
	<filename>19610252ff7db390ae9f5497056dceb7.jpg</filename>
	<path>C:\Users\ASUS\Desktop\mydataset\JPEGImages\19610252ff7db390ae9f5497056dceb7.jpg</path>
	<source>
		<database>Unknown</database>
	</source>
	<size>
		<width>1080</width>
		<height>720</height>
		<depth>3</depth>
	</size>
	<segmented>0</segmented>
	<object>
		<name>Electric-bicycle</name>
		<pose>Unspecified</pose>
		<truncated>1</truncated>
		<difficult>0</difficult>
		<bndbox>
			<xmin>393</xmin>
			<ymin>304</ymin>
			<xmax>855</xmax>
			<ymax>720</ymax>
		</bndbox>
	</object>
	<object>
		<name>person</name>
		<pose>Unspecified</pose>
		<truncated>0</truncated>
		<difficult>0</difficult>
		<bndbox>
			<xmin>578</xmin>
			<ymin>57</ymin>
			<xmax>805</xmax>
			<ymax>321</ymax>
		</bndbox>
	</object>
</annotation>
