<?xml version="1.0" ?><annotation>
  <folder>VOC2007</folder>
  <filename>2020(1089)</filename>
  <source>
    <annotation>PASCAL VOC2007</annotation>
    <database/>
    <image>flickr</image>
    <flickrid>35435</flickrid>
  </source>
  <size>
    <width>704</width>
    <height>576</height>
    <channel>3</channel>
  </size>
  <object>
    <name>person</name>
    <pose>Unspecified</pose>
    <truncated>0</truncated>
    <difficult>0</difficult>
    <bndbox>
      <xmin>399</xmin>
      <ymin> 100</ymin>
      <xmax> 592 </xmax>
      <ymax>551</ymax>
    </bndbox>
  </object>
  <object>
    <name>bicycle</name>
    <pose>Unspecified</pose>
    <truncated>0</truncated>
    <difficult>0</difficult>
    <bndbox>
      <xmin>286</xmin>
      <ymin> 370</ymin>
      <xmax> 428 </xmax>
      <ymax>571</ymax>
    </bndbox>
  </object>
</annotation>