<?xml version="1.0" ?><annotation>
  <folder>VOC2007</folder>
  <filename>2020(133)</filename>
  <source>
    <annotation>PASCAL VOC2007</annotation>
    <database/>
    <image>flickr</image>
    <flickrid>35435</flickrid>
  </source>
  <size>
    <width>704</width>
    <height>576</height>
    <channel>3</channel>
  </size>
  <object>
    <name>person</name>
    <pose>Unspecified</pose>
    <truncated>0</truncated>
    <difficult>0</difficult>
    <bndbox>
      <xmin>180</xmin>
      <ymin> 40</ymin>
      <xmax> 399 </xmax>
      <ymax>478</ymax>
    </bndbox>
  </object>
  <object>
    <name>Electric-bicycle</name>
    <pose>Unspecified</pose>
    <truncated>0</truncated>
    <difficult>0</difficult>
    <bndbox>
      <xmin>172</xmin>
      <ymin> 173</ymin>
      <xmax> 422 </xmax>
      <ymax>575</ymax>
    </bndbox>
  </object>
</annotation>