<?xml version="1.0" ?><annotation>
  <folder>VOC2007</folder>
  <filename>2020(1287)</filename>
  <source>
    <annotation>PASCAL VOC2007</annotation>
    <database/>
    <image>flickr</image>
    <flickrid>35435</flickrid>
  </source>
  <size>
    <width>704</width>
    <height>576</height>
    <channel>3</channel>
  </size>
  <object>
    <name>Baby-carriage</name>
    <pose>Unspecified</pose>
    <truncated>0</truncated>
    <difficult>0</difficult>
    <bndbox>
      <xmin>284</xmin>
      <ymin> 349</ymin>
      <xmax> 479 </xmax>
      <ymax>576</ymax>
    </bndbox>
  </object>
  <object>
    <name>person</name>
    <pose>Unspecified</pose>
    <truncated>0</truncated>
    <difficult>0</difficult>
    <bndbox>
      <xmin>451</xmin>
      <ymin> 293</ymin>
      <xmax> 628 </xmax>
      <ymax>576</ymax>
    </bndbox>
  </object>
  <object>
    <name>person</name>
    <pose>Unspecified</pose>
    <truncated>0</truncated>
    <difficult>0</difficult>
    <bndbox>
      <xmin>422</xmin>
      <ymin> 210</ymin>
      <xmax> 534 </xmax>
      <ymax>456</ymax>
    </bndbox>
  </object>
</annotation>