<?xml version="1.0" ?><annotation>
  <folder>VOC2007</folder>
  <filename>2020(1121)</filename>
  <source>
    <annotation>PASCAL VOC2007</annotation>
    <database/>
    <image>flickr</image>
    <flickrid>35435</flickrid>
  </source>
  <size>
    <width>704</width>
    <height>576</height>
    <channel>3</channel>
  </size>
  <object>
    <name>person</name>
    <pose>Unspecified</pose>
    <truncated>0</truncated>
    <difficult>0</difficult>
    <bndbox>
      <xmin>484</xmin>
      <ymin> 202</ymin>
      <xmax> 673 </xmax>
      <ymax>536</ymax>
    </bndbox>
  </object>
  <object>
    <name>person</name>
    <pose>Unspecified</pose>
    <truncated>0</truncated>
    <difficult>0</difficult>
    <bndbox>
      <xmin>497</xmin>
      <ymin> 503</ymin>
      <xmax> 572 </xmax>
      <ymax>576</ymax>
    </bndbox>
  </object>
  <object>
    <name>bicycle</name>
    <pose>Unspecified</pose>
    <truncated>0</truncated>
    <difficult>0</difficult>
    <bndbox>
      <xmin>348</xmin>
      <ymin> 346</ymin>
      <xmax> 480 </xmax>
      <ymax>573</ymax>
    </bndbox>
  </object>
</annotation>