<?xml version="1.0" ?><annotation>
  <folder>VOC2007</folder>
  <filename>2020(1357)</filename>
  <source>
    <annotation>PASCAL VOC2007</annotation>
    <database/>
    <image>flickr</image>
    <flickrid>35435</flickrid>
  </source>
  <size>
    <width>704</width>
    <height>576</height>
    <channel>3</channel>
  </size>
  <object>
    <name>person</name>
    <pose>Unspecified</pose>
    <truncated>0</truncated>
    <difficult>0</difficult>
    <bndbox>
      <xmin>363</xmin>
      <ymin> 119</ymin>
      <xmax> 587 </xmax>
      <ymax>518</ymax>
    </bndbox>
  </object>
  <object>
    <name>bicycle</name>
    <pose>Unspecified</pose>
    <truncated>0</truncated>
    <difficult>0</difficult>
    <bndbox>
      <xmin>213</xmin>
      <ymin> 323</ymin>
      <xmax> 550 </xmax>
      <ymax>576</ymax>
    </bndbox>
  </object>
</annotation>