<?xml version="1.0" ?><annotation>
  <folder>VOC2007</folder>
  <filename>2020(1277)</filename>
  <source>
    <annotation>PASCAL VOC2007</annotation>
    <database/>
    <image>flickr</image>
    <flickrid>35435</flickrid>
  </source>
  <size>
    <width>704</width>
    <height>576</height>
    <channel>3</channel>
  </size>
  <object>
    <name>Baby-carriage</name>
    <pose>Unspecified</pose>
    <truncated>0</truncated>
    <difficult>0</difficult>
    <bndbox>
      <xmin>318</xmin>
      <ymin> 278</ymin>
      <xmax> 474 </xmax>
      <ymax>575</ymax>
    </bndbox>
  </object>
  <object>
    <name>person</name>
    <pose>Unspecified</pose>
    <truncated>0</truncated>
    <difficult>0</difficult>
    <bndbox>
      <xmin>437</xmin>
      <ymin> 248</ymin>
      <xmax> 581 </xmax>
      <ymax>576</ymax>
    </bndbox>
  </object>
  <object>
    <name>person</name>
    <pose>Unspecified</pose>
    <truncated>0</truncated>
    <difficult>0</difficult>
    <bndbox>
      <xmin>359</xmin>
      <ymin> 432</ymin>
      <xmax> 449 </xmax>
      <ymax>574</ymax>
    </bndbox>
  </object>
</annotation>