<?xml version="1.0" ?><annotation>
  <folder>VOC2007</folder>
  <filename>2020(132)</filename>
  <source>
    <annotation>PASCAL VOC2007</annotation>
    <database/>
    <image>flickr</image>
    <flickrid>35435</flickrid>
  </source>
  <size>
    <width>1920</width>
    <height>1080</height>
    <channel>3</channel>
  </size>
  <object>
    <name>Electric-bicycle</name>
    <pose>Unspecified</pose>
    <truncated>0</truncated>
    <difficult>0</difficult>
    <bndbox>
      <xmin>323</xmin>
      <ymin> 80</ymin>
      <xmax> 716 </xmax>
      <ymax>691</ymax>
    </bndbox>
  </object>
  <object>
    <name>person</name>
    <pose>Unspecified</pose>
    <truncated>0</truncated>
    <difficult>0</difficult>
    <bndbox>
      <xmin>318</xmin>
      <ymin> 5</ymin>
      <xmax> 694 </xmax>
      <ymax>595</ymax>
    </bndbox>
  </object>
</annotation>