<?xml version="1.0" ?><annotation>
  <folder>VOC2007</folder>
  <filename>2020(1369)</filename>
  <source>
    <annotation>PASCAL VOC2007</annotation>
    <database/>
    <image>flickr</image>
    <flickrid>35435</flickrid>
  </source>
  <size>
    <width>704</width>
    <height>576</height>
    <channel>3</channel>
  </size>
  <object>
    <name>person</name>
    <pose>Unspecified</pose>
    <truncated>0</truncated>
    <difficult>0</difficult>
    <bndbox>
      <xmin>575</xmin>
      <ymin> 365</ymin>
      <xmax> 703 </xmax>
      <ymax>574</ymax>
    </bndbox>
  </object>
  <object>
    <name>person</name>
    <pose>Unspecified</pose>
    <truncated>0</truncated>
    <difficult>0</difficult>
    <bndbox>
      <xmin>343</xmin>
      <ymin> 305</ymin>
      <xmax> 463 </xmax>
      <ymax>449</ymax>
    </bndbox>
  </object>
  <object>
    <name>Baby-carriage</name>
    <pose>Unspecified</pose>
    <truncated>0</truncated>
    <difficult>0</difficult>
    <bndbox>
      <xmin>322</xmin>
      <ymin> 316</ymin>
      <xmax> 563 </xmax>
      <ymax>573</ymax>
    </bndbox>
  </object>
</annotation>