<?xml version="1.0" ?><annotation>
  <folder>VOC2007</folder>
  <filename>2020(134)</filename>
  <source>
    <annotation>PASCAL VOC2007</annotation>
    <database/>
    <image>flickr</image>
    <flickrid>35435</flickrid>
  </source>
  <size>
    <width>1920</width>
    <height>1080</height>
    <channel>3</channel>
  </size>
  <object>
    <name>person</name>
    <pose>Unspecified</pose>
    <truncated>0</truncated>
    <difficult>0</difficult>
    <bndbox>
      <xmin>600</xmin>
      <ymin> 253</ymin>
      <xmax> 1338 </xmax>
      <ymax>1076</ymax>
    </bndbox>
  </object>
  <object>
    <name>Electric-bicycle</name>
    <pose>Unspecified</pose>
    <truncated>0</truncated>
    <difficult>0</difficult>
    <bndbox>
      <xmin>386</xmin>
      <ymin> 480</ymin>
      <xmax> 1344 </xmax>
      <ymax>1057</ymax>
    </bndbox>
  </object>
</annotation>