<?xml version="1.0" ?><annotation>
  <folder>VOC2007</folder>
  <filename>2020(1368)</filename>
  <source>
    <annotation>PASCAL VOC2007</annotation>
    <database/>
    <image>flickr</image>
    <flickrid>35435</flickrid>
  </source>
  <size>
    <width>704</width>
    <height>576</height>
    <channel>3</channel>
  </size>
  <object>
    <name>person</name>
    <pose>Unspecified</pose>
    <truncated>0</truncated>
    <difficult>0</difficult>
    <bndbox>
      <xmin>263</xmin>
      <ymin> 30</ymin>
      <xmax> 370 </xmax>
      <ymax>234</ymax>
    </bndbox>
  </object>
  <object>
    <name>bicycle</name>
    <pose>Unspecified</pose>
    <truncated>0</truncated>
    <difficult>0</difficult>
    <bndbox>
      <xmin>292</xmin>
      <ymin> 136</ymin>
      <xmax> 358 </xmax>
      <ymax>331</ymax>
    </bndbox>
  </object>
</annotation>