<?xml version="1.0" ?><annotation>
  <folder>VOC2007</folder>
  <filename>2020(102)</filename>
  <source>
    <annotation>PASCAL VOC2007</annotation>
    <database/>
    <image>flickr</image>
    <flickrid>35435</flickrid>
  </source>
  <size>
    <width>1920</width>
    <height>1080</height>
    <channel>3</channel>
  </size>
  <object>
    <name>person</name>
    <pose>Unspecified</pose>
    <truncated>0</truncated>
    <difficult>0</difficult>
    <bndbox>
      <xmin>1097</xmin>
      <ymin> 38</ymin>
      <xmax> 1558 </xmax>
      <ymax>1059</ymax>
    </bndbox>
  </object>
  <object>
    <name>Electric-bicycle</name>
    <pose>Unspecified</pose>
    <truncated>0</truncated>
    <difficult>0</difficult>
    <bndbox>
      <xmin>852</xmin>
      <ymin> 535</ymin>
      <xmax> 1643 </xmax>
      <ymax>1047</ymax>
    </bndbox>
  </object>
</annotation>