<?xml version="1.0" ?><annotation>
  <folder>VOC2007</folder>
  <filename>2020(1133)</filename>
  <source>
    <annotation>PASCAL VOC2007</annotation>
    <database/>
    <image>flickr</image>
    <flickrid>35435</flickrid>
  </source>
  <size>
    <width>704</width>
    <height>576</height>
    <channel>3</channel>
  </size>
  <object>
    <name>person</name>
    <pose>Unspecified</pose>
    <truncated>0</truncated>
    <difficult>0</difficult>
    <bndbox>
      <xmin>257</xmin>
      <ymin> 236</ymin>
      <xmax> 423 </xmax>
      <ymax>573</ymax>
    </bndbox>
  </object>
  <object>
    <name>person</name>
    <pose>Unspecified</pose>
    <truncated>0</truncated>
    <difficult>0</difficult>
    <bndbox>
      <xmin>408</xmin>
      <ymin> 84</ymin>
      <xmax> 571 </xmax>
      <ymax>330</ymax>
    </bndbox>
  </object>
  <object>
    <name>wheelchair</name>
    <pose>Unspecified</pose>
    <truncated>0</truncated>
    <difficult>0</difficult>
    <bndbox>
      <xmin>409</xmin>
      <ymin> 306</ymin>
      <xmax> 540 </xmax>
      <ymax>576</ymax>
    </bndbox>
  </object>
</annotation>