<?xml version="1.0" ?><annotation>
  <folder>VOC2007</folder>
  <filename>2020(116)</filename>
  <source>
    <annotation>PASCAL VOC2007</annotation>
    <database/>
    <image>flickr</image>
    <flickrid>35435</flickrid>
  </source>
  <size>
    <width>1920</width>
    <height>1080</height>
    <channel>3</channel>
  </size>
  <object>
    <name>Electric-bicycle</name>
    <pose>Unspecified</pose>
    <truncated>0</truncated>
    <difficult>0</difficult>
    <bndbox>
      <xmin>571</xmin>
      <ymin> 402</ymin>
      <xmax> 1390 </xmax>
      <ymax>1027</ymax>
    </bndbox>
  </object>
  <object>
    <name>person</name>
    <pose>Unspecified</pose>
    <truncated>0</truncated>
    <difficult>0</difficult>
    <bndbox>
      <xmin>693</xmin>
      <ymin> 4</ymin>
      <xmax> 1143 </xmax>
      <ymax>1012</ymax>
    </bndbox>
  </object>
</annotation>