<?xml version="1.0" ?><annotation>
  <folder>VOC2007</folder>
  <filename>2020(114)</filename>
  <source>
    <annotation>PASCAL VOC2007</annotation>
    <database/>
    <image>flickr</image>
    <flickrid>35435</flickrid>
  </source>
  <size>
    <width>1920</width>
    <height>1080</height>
    <channel>3</channel>
  </size>
  <object>
    <name>Electric-bicycle</name>
    <pose>Unspecified</pose>
    <truncated>0</truncated>
    <difficult>0</difficult>
    <bndbox>
      <xmin>533</xmin>
      <ymin> 214</ymin>
      <xmax> 1633 </xmax>
      <ymax>967</ymax>
    </bndbox>
  </object>
  <object>
    <name>person</name>
    <pose>Unspecified</pose>
    <truncated>0</truncated>
    <difficult>0</difficult>
    <bndbox>
      <xmin>1080</xmin>
      <ymin> 602</ymin>
      <xmax> 1770 </xmax>
      <ymax>1080</ymax>
    </bndbox>
  </object>
</annotation>