<?xml version="1.0" ?><annotation>
  <folder>VOC2007</folder>
  <filename>2020(108)</filename>
  <source>
    <annotation>PASCAL VOC2007</annotation>
    <database/>
    <image>flickr</image>
    <flickrid>35435</flickrid>
  </source>
  <size>
    <width>1920</width>
    <height>1080</height>
    <channel>3</channel>
  </size>
  <object>
    <name>person</name>
    <pose>Unspecified</pose>
    <truncated>0</truncated>
    <difficult>0</difficult>
    <bndbox>
      <xmin>1067</xmin>
      <ymin> 269</ymin>
      <xmax> 1563 </xmax>
      <ymax>1077</ymax>
    </bndbox>
  </object>
  <object>
    <name>Electric-bicycle</name>
    <pose>Unspecified</pose>
    <truncated>0</truncated>
    <difficult>0</difficult>
    <bndbox>
      <xmin>846</xmin>
      <ymin> 524</ymin>
      <xmax> 1652 </xmax>
      <ymax>1007</ymax>
    </bndbox>
  </object>
</annotation>