<?xml version="1.0" ?><annotation>
  <folder>VOC2007</folder>
  <filename>2020(1002)</filename>
  <source>
    <annotation>PASCAL VOC2007</annotation>
    <database/>
    <image>flickr</image>
    <flickrid>35435</flickrid>
  </source>
  <size>
    <width>704</width>
    <height>576</height>
    <channel>3</channel>
  </size>
  <object>
    <name>bicycle</name>
    <pose>Unspecified</pose>
    <truncated>0</truncated>
    <difficult>0</difficult>
    <bndbox>
      <xmin>237</xmin>
      <ymin> 256</ymin>
      <xmax> 544 </xmax>
      <ymax>572</ymax>
    </bndbox>
  </object>
  <object>
    <name>person</name>
    <pose>Unspecified</pose>
    <truncated>0</truncated>
    <difficult>0</difficult>
    <bndbox>
      <xmin>352</xmin>
      <ymin> 129</ymin>
      <xmax> 516 </xmax>
      <ymax>495</ymax>
    </bndbox>
  </object>
</annotation>