<?xml version="1.0" ?><annotation>
  <folder>VOC2007</folder>
  <filename>2020(124)</filename>
  <source>
    <annotation>PASCAL VOC2007</annotation>
    <database/>
    <image>flickr</image>
    <flickrid>35435</flickrid>
  </source>
  <size>
    <width>352</width>
    <height>288</height>
    <channel>3</channel>
  </size>
  <object>
    <name>Electric-bicycle</name>
    <pose>Unspecified</pose>
    <truncated>0</truncated>
    <difficult>0</difficult>
    <bndbox>
      <xmin>82</xmin>
      <ymin> 59</ymin>
      <xmax> 269 </xmax>
      <ymax>262</ymax>
    </bndbox>
  </object>
  <object>
    <name>person</name>
    <pose>Unspecified</pose>
    <truncated>0</truncated>
    <difficult>0</difficult>
    <bndbox>
      <xmin>166</xmin>
      <ymin> 143</ymin>
      <xmax> 313 </xmax>
      <ymax>288</ymax>
    </bndbox>
  </object>
</annotation>