<?xml version="1.0" ?><annotation>
  <folder>VOC2007</folder>
  <filename>2020(1052)</filename>
  <source>
    <annotation>PASCAL VOC2007</annotation>
    <database/>
    <image>flickr</image>
    <flickrid>35435</flickrid>
  </source>
  <size>
    <width>704</width>
    <height>576</height>
    <channel>3</channel>
  </size>
  <object>
    <name>person</name>
    <pose>Unspecified</pose>
    <truncated>0</truncated>
    <difficult>0</difficult>
    <bndbox>
      <xmin>415</xmin>
      <ymin> 108</ymin>
      <xmax> 617 </xmax>
      <ymax>536</ymax>
    </bndbox>
  </object>
  <object>
    <name>bicycle</name>
    <pose>Unspecified</pose>
    <truncated>0</truncated>
    <difficult>0</difficult>
    <bndbox>
      <xmin>226</xmin>
      <ymin> 448</ymin>
      <xmax> 628 </xmax>
      <ymax>574</ymax>
    </bndbox>
  </object>
</annotation>