<?xml version="1.0" ?><annotation>
  <folder>VOC2007</folder>
  <filename>2020(1275)</filename>
  <source>
    <annotation>PASCAL VOC2007</annotation>
    <database/>
    <image>flickr</image>
    <flickrid>35435</flickrid>
  </source>
  <size>
    <width>704</width>
    <height>576</height>
    <channel>3</channel>
  </size>
  <object>
    <name>person</name>
    <pose>Unspecified</pose>
    <truncated>0</truncated>
    <difficult>0</difficult>
    <bndbox>
      <xmin>123</xmin>
      <ymin> 238</ymin>
      <xmax> 259 </xmax>
      <ymax>561</ymax>
    </bndbox>
  </object>
  <object>
    <name>person</name>
    <pose>Unspecified</pose>
    <truncated>0</truncated>
    <difficult>0</difficult>
    <bndbox>
      <xmin>363</xmin>
      <ymin> 69</ymin>
      <xmax> 509 </xmax>
      <ymax>513</ymax>
    </bndbox>
  </object>
  <object>
    <name>person</name>
    <pose>Unspecified</pose>
    <truncated>0</truncated>
    <difficult>0</difficult>
    <bndbox>
      <xmin>424</xmin>
      <ymin> 430</ymin>
      <xmax> 580 </xmax>
      <ymax>575</ymax>
    </bndbox>
  </object>
  <object>
    <name>person</name>
    <pose>Unspecified</pose>
    <truncated>0</truncated>
    <difficult>0</difficult>
    <bndbox>
      <xmin>109</xmin>
      <ymin> 497</ymin>
      <xmax> 175 </xmax>
      <ymax>575</ymax>
    </bndbox>
  </object>
</annotation>