<?xml version="1.0" ?><annotation>
  <folder>VOC2007</folder>
  <filename>2020(1097)</filename>
  <source>
    <annotation>PASCAL VOC2007</annotation>
    <database/>
    <image>flickr</image>
    <flickrid>35435</flickrid>
  </source>
  <size>
    <width>704</width>
    <height>576</height>
    <channel>3</channel>
  </size>
  <object>
    <name>person</name>
    <pose>Unspecified</pose>
    <truncated>0</truncated>
    <difficult>0</difficult>
    <bndbox>
      <xmin>330</xmin>
      <ymin> 54</ymin>
      <xmax> 529 </xmax>
      <ymax>495</ymax>
    </bndbox>
  </object>
  <object>
    <name>bicycle</name>
    <pose>Unspecified</pose>
    <truncated>0</truncated>
    <difficult>0</difficult>
    <bndbox>
      <xmin>259</xmin>
      <ymin> 301</ymin>
      <xmax> 583 </xmax>
      <ymax>572</ymax>
    </bndbox>
  </object>
</annotation>