<?xml version="1.0" ?><annotation>
  <folder>VOC2007</folder>
  <filename>2020(1363)</filename>
  <source>
    <annotation>PASCAL VOC2007</annotation>
    <database/>
    <image>flickr</image>
    <flickrid>35435</flickrid>
  </source>
  <size>
    <width>352</width>
    <height>288</height>
    <channel>3</channel>
  </size>
  <object>
    <name>person</name>
    <pose>Unspecified</pose>
    <truncated>0</truncated>
    <difficult>0</difficult>
    <bndbox>
      <xmin>1</xmin>
      <ymin> 49</ymin>
      <xmax> 112 </xmax>
      <ymax>275</ymax>
    </bndbox>
  </object>
  <object>
    <name>bicycle</name>
    <pose>Unspecified</pose>
    <truncated>0</truncated>
    <difficult>0</difficult>
    <bndbox>
      <xmin>47</xmin>
      <ymin> 141</ymin>
      <xmax> 182 </xmax>
      <ymax>288</ymax>
    </bndbox>
  </object>
</annotation>