<?xml version="1.0" ?><annotation>
  <folder>VOC2007</folder>
  <filename>2020(1024)</filename>
  <source>
    <annotation>PASCAL VOC2007</annotation>
    <database/>
    <image>flickr</image>
    <flickrid>35435</flickrid>
  </source>
  <size>
    <width>352</width>
    <height>288</height>
    <channel>3</channel>
  </size>
  <object>
    <name>person</name>
    <pose>Unspecified</pose>
    <truncated>0</truncated>
    <difficult>0</difficult>
    <bndbox>
      <xmin>1</xmin>
      <ymin> 86</ymin>
      <xmax> 113 </xmax>
      <ymax>248</ymax>
    </bndbox>
  </object>
  <object>
    <name>bicycle</name>
    <pose>Unspecified</pose>
    <truncated>0</truncated>
    <difficult>0</difficult>
    <bndbox>
      <xmin>39</xmin>
      <ymin> 141</ymin>
      <xmax> 180 </xmax>
      <ymax>286</ymax>
    </bndbox>
  </object>
</annotation>