<?xml version="1.0" ?><annotation>
  <folder>VOC2007</folder>
  <filename>2020(1271)</filename>
  <source>
    <annotation>PASCAL VOC2007</annotation>
    <database/>
    <image>flickr</image>
    <flickrid>35435</flickrid>
  </source>
  <size>
    <width>704</width>
    <height>576</height>
    <channel>3</channel>
  </size>
  <object>
    <name>person</name>
    <pose>Unspecified</pose>
    <truncated>0</truncated>
    <difficult>0</difficult>
    <bndbox>
      <xmin>275</xmin>
      <ymin> 430</ymin>
      <xmax> 444 </xmax>
      <ymax>574</ymax>
    </bndbox>
  </object>
  <object>
    <name>Baby-carriage</name>
    <pose>Unspecified</pose>
    <truncated>0</truncated>
    <difficult>0</difficult>
    <bndbox>
      <xmin>344</xmin>
      <ymin> 262</ymin>
      <xmax> 466 </xmax>
      <ymax>443</ymax>
    </bndbox>
  </object>
</annotation>