<?xml version="1.0" ?><annotation>
  <folder>VOC2007</folder>
  <filename>2020(110)</filename>
  <source>
    <annotation>PASCAL VOC2007</annotation>
    <database/>
    <image>flickr</image>
    <flickrid>35435</flickrid>
  </source>
  <size>
    <width>1920</width>
    <height>1080</height>
    <channel>3</channel>
  </size>
  <object>
    <name>person</name>
    <pose>Unspecified</pose>
    <truncated>0</truncated>
    <difficult>0</difficult>
    <bndbox>
      <xmin>944</xmin>
      <ymin> 18</ymin>
      <xmax> 1533 </xmax>
      <ymax>595</ymax>
    </bndbox>
  </object>
  <object>
    <name>Electric-bicycle</name>
    <pose>Unspecified</pose>
    <truncated>0</truncated>
    <difficult>0</difficult>
    <bndbox>
      <xmin>558</xmin>
      <ymin> 343</ymin>
      <xmax> 1683 </xmax>
      <ymax>984</ymax>
    </bndbox>
  </object>
</annotation>