<?xml version="1.0" ?><annotation>
  <folder>VOC2007</folder>
  <filename>2020(129)</filename>
  <source>
    <annotation>PASCAL VOC2007</annotation>
    <database/>
    <image>flickr</image>
    <flickrid>35435</flickrid>
  </source>
  <size>
    <width>1920</width>
    <height>1080</height>
    <channel>3</channel>
  </size>
  <object>
    <name>Electric-bicycle</name>
    <pose>Unspecified</pose>
    <truncated>0</truncated>
    <difficult>0</difficult>
    <bndbox>
      <xmin>818</xmin>
      <ymin> 471</ymin>
      <xmax> 1681 </xmax>
      <ymax>915</ymax>
    </bndbox>
  </object>
  <object>
    <name>person</name>
    <pose>Unspecified</pose>
    <truncated>0</truncated>
    <difficult>0</difficult>
    <bndbox>
      <xmin>1054</xmin>
      <ymin> 280</ymin>
      <xmax> 1567 </xmax>
      <ymax>1057</ymax>
    </bndbox>
  </object>
</annotation>