<?xml version="1.0" ?><annotation>
  <folder>VOC2007</folder>
  <filename>2020(112)</filename>
  <source>
    <annotation>PASCAL VOC2007</annotation>
    <database/>
    <image>flickr</image>
    <flickrid>35435</flickrid>
  </source>
  <size>
    <width>1920</width>
    <height>1080</height>
    <channel>3</channel>
  </size>
  <object>
    <name>Electric-bicycle</name>
    <pose>Unspecified</pose>
    <truncated>0</truncated>
    <difficult>0</difficult>
    <bndbox>
      <xmin>483</xmin>
      <ymin> 165</ymin>
      <xmax> 1205 </xmax>
      <ymax>904</ymax>
    </bndbox>
  </object>
  <object>
    <name>person</name>
    <pose>Unspecified</pose>
    <truncated>0</truncated>
    <difficult>0</difficult>
    <bndbox>
      <xmin>623</xmin>
      <ymin> 2</ymin>
      <xmax> 988 </xmax>
      <ymax>845</ymax>
    </bndbox>
  </object>
</annotation>