<?xml version="1.0" ?><annotation>
  <folder>VOC2007</folder>
  <filename>2020(1263)</filename>
  <source>
    <annotation>PASCAL VOC2007</annotation>
    <database/>
    <image>flickr</image>
    <flickrid>35435</flickrid>
  </source>
  <size>
    <width>352</width>
    <height>288</height>
    <channel>3</channel>
  </size>
  <object>
    <name>person</name>
    <pose>Unspecified</pose>
    <truncated>0</truncated>
    <difficult>0</difficult>
    <bndbox>
      <xmin>103</xmin>
      <ymin> 1</ymin>
      <xmax> 162 </xmax>
      <ymax>179</ymax>
    </bndbox>
  </object>
  <object>
    <name>person</name>
    <pose>Unspecified</pose>
    <truncated>0</truncated>
    <difficult>0</difficult>
    <bndbox>
      <xmin>244</xmin>
      <ymin> 60</ymin>
      <xmax> 325 </xmax>
      <ymax>287</ymax>
    </bndbox>
  </object>
  <object>
    <name>Baby-carriage</name>
    <pose>Unspecified</pose>
    <truncated>0</truncated>
    <difficult>0</difficult>
    <bndbox>
      <xmin>133</xmin>
      <ymin> 55</ymin>
      <xmax> 246 </xmax>
      <ymax>273</ymax>
    </bndbox>
  </object>
</annotation>