<?xml version="1.0" ?><annotation>
  <folder>VOC2007</folder>
  <filename>2020(1178)</filename>
  <source>
    <annotation>PASCAL VOC2007</annotation>
    <database/>
    <image>flickr</image>
    <flickrid>35435</flickrid>
  </source>
  <size>
    <width>704</width>
    <height>576</height>
    <channel>3</channel>
  </size>
  <object>
    <name>bicycle</name>
    <pose>Unspecified</pose>
    <truncated>0</truncated>
    <difficult>0</difficult>
    <bndbox>
      <xmin>242</xmin>
      <ymin> 430</ymin>
      <xmax> 577 </xmax>
      <ymax>576</ymax>
    </bndbox>
  </object>
  <object>
    <name>person</name>
    <pose>Unspecified</pose>
    <truncated>0</truncated>
    <difficult>0</difficult>
    <bndbox>
      <xmin>356</xmin>
      <ymin> 216</ymin>
      <xmax> 551 </xmax>
      <ymax>540</ymax>
    </bndbox>
  </object>
  <object>
    <name>person</name>
    <pose>Unspecified</pose>
    <truncated>0</truncated>
    <difficult>0</difficult>
    <bndbox>
      <xmin>471</xmin>
      <ymin> 50</ymin>
      <xmax> 639 </xmax>
      <ymax>345</ymax>
    </bndbox>
  </object>
</annotation>