<?xml version="1.0" ?><annotation>
  <folder>VOC2007</folder>
  <filename>2020(127)</filename>
  <source>
    <annotation>PASCAL VOC2007</annotation>
    <database/>
    <image>flickr</image>
    <flickrid>35435</flickrid>
  </source>
  <size>
    <width>352</width>
    <height>288</height>
    <channel>3</channel>
  </size>
  <object>
    <name>Electric-bicycle</name>
    <pose>Unspecified</pose>
    <truncated>0</truncated>
    <difficult>0</difficult>
    <bndbox>
      <xmin>114</xmin>
      <ymin> 147</ymin>
      <xmax> 270 </xmax>
      <ymax>274</ymax>
    </bndbox>
  </object>
  <object>
    <name>person</name>
    <pose>Unspecified</pose>
    <truncated>0</truncated>
    <difficult>0</difficult>
    <bndbox>
      <xmin>200</xmin>
      <ymin> 16</ymin>
      <xmax> 281 </xmax>
      <ymax>184</ymax>
    </bndbox>
  </object>
</annotation>