<?xml version="1.0" ?><annotation>
  <folder>VOC2007</folder>
  <filename>2020(1156)</filename>
  <source>
    <annotation>PASCAL VOC2007</annotation>
    <database/>
    <image>flickr</image>
    <flickrid>35435</flickrid>
  </source>
  <size>
    <width>704</width>
    <height>576</height>
    <channel>3</channel>
  </size>
  <object>
    <name>person</name>
    <pose>Unspecified</pose>
    <truncated>0</truncated>
    <difficult>0</difficult>
    <bndbox>
      <xmin>365</xmin>
      <ymin> 176</ymin>
      <xmax> 565 </xmax>
      <ymax>533</ymax>
    </bndbox>
  </object>
</annotation>