<?xml version="1.0" ?><annotation>
  <folder>VOC2007</folder>
  <filename>2020(113)</filename>
  <source>
    <annotation>PASCAL VOC2007</annotation>
    <database/>
    <image>flickr</image>
    <flickrid>35435</flickrid>
  </source>
  <size>
    <width>1920</width>
    <height>1080</height>
    <channel>3</channel>
  </size>
  <object>
    <name>Electric-bicycle</name>
    <pose>Unspecified</pose>
    <truncated>0</truncated>
    <difficult>0</difficult>
    <bndbox>
      <xmin>690</xmin>
      <ymin> 482</ymin>
      <xmax> 1585 </xmax>
      <ymax>1005</ymax>
    </bndbox>
  </object>
  <object>
    <name>person</name>
    <pose>Unspecified</pose>
    <truncated>0</truncated>
    <difficult>0</difficult>
    <bndbox>
      <xmin>1276</xmin>
      <ymin> 1</ymin>
      <xmax> 1615 </xmax>
      <ymax>594</ymax>
    </bndbox>
  </object>
</annotation>