<?xml version="1.0" ?><annotation>
  <folder>VOC2007</folder>
  <filename>2020(1382)</filename>
  <source>
    <annotation>PASCAL VOC2007</annotation>
    <database/>
    <image>flickr</image>
    <flickrid>35435</flickrid>
  </source>
  <size>
    <width>352</width>
    <height>288</height>
    <channel>3</channel>
  </size>
  <object>
    <name>bicycle</name>
    <pose>Unspecified</pose>
    <truncated>0</truncated>
    <difficult>0</difficult>
    <bndbox>
      <xmin>109</xmin>
      <ymin> 120</ymin>
      <xmax> 178 </xmax>
      <ymax>259</ymax>
    </bndbox>
  </object>
  <object>
    <name>person</name>
    <pose>Unspecified</pose>
    <truncated>0</truncated>
    <difficult>0</difficult>
    <bndbox>
      <xmin>84</xmin>
      <ymin> 1</ymin>
      <xmax> 146 </xmax>
      <ymax>187</ymax>
    </bndbox>
  </object>
</annotation>