<?xml version="1.0" ?><annotation>
  <folder>VOC2007</folder>
  <filename>2020(1229)</filename>
  <source>
    <annotation>PASCAL VOC2007</annotation>
    <database/>
    <image>flickr</image>
    <flickrid>35435</flickrid>
  </source>
  <size>
    <width>704</width>
    <height>576</height>
    <channel>3</channel>
  </size>
  <object>
    <name>person</name>
    <pose>Unspecified</pose>
    <truncated>0</truncated>
    <difficult>0</difficult>
    <bndbox>
      <xmin>242</xmin>
      <ymin> 172</ymin>
      <xmax> 377 </xmax>
      <ymax>572</ymax>
    </bndbox>
  </object>
  <object>
    <name>person</name>
    <pose>Unspecified</pose>
    <truncated>0</truncated>
    <difficult>0</difficult>
    <bndbox>
      <xmin>389</xmin>
      <ymin> 170</ymin>
      <xmax> 585 </xmax>
      <ymax>572</ymax>
    </bndbox>
  </object>
</annotation>