<?xml version="1.0" ?><annotation>
  <folder>VOC2007</folder>
  <filename>2020(1172)</filename>
  <source>
    <annotation>PASCAL VOC2007</annotation>
    <database/>
    <image>flickr</image>
    <flickrid>35435</flickrid>
  </source>
  <size>
    <width>704</width>
    <height>576</height>
    <channel>3</channel>
  </size>
  <object>
    <name>person</name>
    <pose>Unspecified</pose>
    <truncated>0</truncated>
    <difficult>0</difficult>
    <bndbox>
      <xmin>397</xmin>
      <ymin> 182</ymin>
      <xmax> 589 </xmax>
      <ymax>500</ymax>
    </bndbox>
  </object>
  <object>
    <name>bicycle</name>
    <pose>Unspecified</pose>
    <truncated>0</truncated>
    <difficult>0</difficult>
    <bndbox>
      <xmin>268</xmin>
      <ymin> 464</ymin>
      <xmax> 534 </xmax>
      <ymax>574</ymax>
    </bndbox>
  </object>
</annotation>