<?xml version="1.0" ?><annotation>
  <folder>VOC2007</folder>
  <filename>2020(100)</filename>
  <source>
    <annotation>PASCAL VOC2007</annotation>
    <database/>
    <image>flickr</image>
    <flickrid>35435</flickrid>
  </source>
  <size>
    <width>352</width>
    <height>288</height>
    <channel>3</channel>
  </size>
  <object>
    <name>person</name>
    <pose>Unspecified</pose>
    <truncated>0</truncated>
    <difficult>0</difficult>
    <bndbox>
      <xmin>191</xmin>
      <ymin> 84</ymin>
      <xmax> 270 </xmax>
      <ymax>279</ymax>
    </bndbox>
  </object>
  <object>
    <name>Electric-bicycle</name>
    <pose>Unspecified</pose>
    <truncated>0</truncated>
    <difficult>0</difficult>
    <bndbox>
      <xmin>140</xmin>
      <ymin> 121</ymin>
      <xmax> 290 </xmax>
      <ymax>230</ymax>
    </bndbox>
  </object>
</annotation>