<?xml version="1.0" ?><annotation>
  <folder>VOC2007</folder>
  <filename>2020(135)</filename>
  <source>
    <annotation>PASCAL VOC2007</annotation>
    <database/>
    <image>flickr</image>
    <flickrid>35435</flickrid>
  </source>
  <size>
    <width>704</width>
    <height>576</height>
    <channel>3</channel>
  </size>
  <object>
    <name>person</name>
    <pose>Unspecified</pose>
    <truncated>0</truncated>
    <difficult>0</difficult>
    <bndbox>
      <xmin>423</xmin>
      <ymin> 1</ymin>
      <xmax> 562 </xmax>
      <ymax>352</ymax>
    </bndbox>
  </object>
  <object>
    <name>person</name>
    <pose>Unspecified</pose>
    <truncated>0</truncated>
    <difficult>0</difficult>
    <bndbox>
      <xmin>194</xmin>
      <ymin> 157</ymin>
      <xmax> 435 </xmax>
      <ymax>559</ymax>
    </bndbox>
  </object>
  <object>
    <name>Electric-bicycle</name>
    <pose>Unspecified</pose>
    <truncated>0</truncated>
    <difficult>0</difficult>
    <bndbox>
      <xmin>209</xmin>
      <ymin> 320</ymin>
      <xmax> 580 </xmax>
      <ymax>575</ymax>
    </bndbox>
  </object>
</annotation>