<?xml version="1.0" ?><annotation>
  <folder>VOC2007</folder>
  <filename>2020(126)</filename>
  <source>
    <annotation>PASCAL VOC2007</annotation>
    <database/>
    <image>flickr</image>
    <flickrid>35435</flickrid>
  </source>
  <size>
    <width>352</width>
    <height>288</height>
    <channel>3</channel>
  </size>
  <object>
    <name>Electric-bicycle</name>
    <pose>Unspecified</pose>
    <truncated>0</truncated>
    <difficult>0</difficult>
    <bndbox>
      <xmin>123</xmin>
      <ymin> 101</ymin>
      <xmax> 294 </xmax>
      <ymax>245</ymax>
    </bndbox>
  </object>
  <object>
    <name>person</name>
    <pose>Unspecified</pose>
    <truncated>0</truncated>
    <difficult>0</difficult>
    <bndbox>
      <xmin>189</xmin>
      <ymin> 95</ymin>
      <xmax> 311 </xmax>
      <ymax>285</ymax>
    </bndbox>
  </object>
</annotation>