<?xml version="1.0" ?><annotation>
  <folder>VOC2007</folder>
  <filename>2020(115)</filename>
  <source>
    <annotation>PASCAL VOC2007</annotation>
    <database/>
    <image>flickr</image>
    <flickrid>35435</flickrid>
  </source>
  <size>
    <width>1920</width>
    <height>1080</height>
    <channel>3</channel>
  </size>
  <object>
    <name>Electric-bicycle</name>
    <pose>Unspecified</pose>
    <truncated>0</truncated>
    <difficult>0</difficult>
    <bndbox>
      <xmin>755</xmin>
      <ymin> 470</ymin>
      <xmax> 1628 </xmax>
      <ymax>927</ymax>
    </bndbox>
  </object>
  <object>
    <name>person</name>
    <pose>Unspecified</pose>
    <truncated>0</truncated>
    <difficult>0</difficult>
    <bndbox>
      <xmin>970</xmin>
      <ymin> 230</ymin>
      <xmax> 1585 </xmax>
      <ymax>1029</ymax>
    </bndbox>
  </object>
</annotation>