<?xml version="1.0" ?><annotation>
  <folder>VOC2007</folder>
  <filename>2020(123)</filename>
  <source>
    <annotation>PASCAL VOC2007</annotation>
    <database/>
    <image>flickr</image>
    <flickrid>35435</flickrid>
  </source>
  <size>
    <width>352</width>
    <height>288</height>
    <channel>3</channel>
  </size>
  <object>
    <name>Electric-bicycle</name>
    <pose>Unspecified</pose>
    <truncated>0</truncated>
    <difficult>0</difficult>
    <bndbox>
      <xmin>142</xmin>
      <ymin> 128</ymin>
      <xmax> 305 </xmax>
      <ymax>254</ymax>
    </bndbox>
  </object>
  <object>
    <name>person</name>
    <pose>Unspecified</pose>
    <truncated>0</truncated>
    <difficult>0</difficult>
    <bndbox>
      <xmin>182</xmin>
      <ymin> 86</ymin>
      <xmax> 267 </xmax>
      <ymax>252</ymax>
    </bndbox>
  </object>
</annotation>