<?xml version="1.0" ?><annotation>
  <folder>VOC2007</folder>
  <filename>2020(131)</filename>
  <source>
    <annotation>PASCAL VOC2007</annotation>
    <database/>
    <image>flickr</image>
    <flickrid>35435</flickrid>
  </source>
  <size>
    <width>1920</width>
    <height>1080</height>
    <channel>3</channel>
  </size>
  <object>
    <name>Electric-bicycle</name>
    <pose>Unspecified</pose>
    <truncated>0</truncated>
    <difficult>0</difficult>
    <bndbox>
      <xmin>761</xmin>
      <ymin> 468</ymin>
      <xmax> 1612 </xmax>
      <ymax>1035</ymax>
    </bndbox>
  </object>
  <object>
    <name>person</name>
    <pose>Unspecified</pose>
    <truncated>0</truncated>
    <difficult>0</difficult>
    <bndbox>
      <xmin>961</xmin>
      <ymin> 291</ymin>
      <xmax> 1360 </xmax>
      <ymax>909</ymax>
    </bndbox>
  </object>
</annotation>