<?xml version="1.0" ?><annotation>
  <folder>VOC2007</folder>
  <filename>2020(128)</filename>
  <source>
    <annotation>PASCAL VOC2007</annotation>
    <database/>
    <image>flickr</image>
    <flickrid>35435</flickrid>
  </source>
  <size>
    <width>1920</width>
    <height>1080</height>
    <channel>3</channel>
  </size>
  <object>
    <name>Electric-bicycle</name>
    <pose>Unspecified</pose>
    <truncated>0</truncated>
    <difficult>0</difficult>
    <bndbox>
      <xmin>821</xmin>
      <ymin> 484</ymin>
      <xmax> 1632 </xmax>
      <ymax>988</ymax>
    </bndbox>
  </object>
  <object>
    <name>person</name>
    <pose>Unspecified</pose>
    <truncated>0</truncated>
    <difficult>0</difficult>
    <bndbox>
      <xmin>1019</xmin>
      <ymin> 139</ymin>
      <xmax> 1430 </xmax>
      <ymax>895</ymax>
    </bndbox>
  </object>
</annotation>