<?xml version="1.0" ?><annotation>
  <folder>VOC2007</folder>
  <filename>2020(107)</filename>
  <source>
    <annotation>PASCAL VOC2007</annotation>
    <database/>
    <image>flickr</image>
    <flickrid>35435</flickrid>
  </source>
  <size>
    <width>1920</width>
    <height>1080</height>
    <channel>3</channel>
  </size>
  <object>
    <name>person</name>
    <pose>Unspecified</pose>
    <truncated>0</truncated>
    <difficult>0</difficult>
    <bndbox>
      <xmin>1040</xmin>
      <ymin> 211</ymin>
      <xmax> 1523 </xmax>
      <ymax>1005</ymax>
    </bndbox>
  </object>
  <object>
    <name>Electric-bicycle</name>
    <pose>Unspecified</pose>
    <truncated>0</truncated>
    <difficult>0</difficult>
    <bndbox>
      <xmin>792</xmin>
      <ymin> 503</ymin>
      <xmax> 1633 </xmax>
      <ymax>928</ymax>
    </bndbox>
  </object>
</annotation>