<?xml version="1.0" ?><annotation>
  <folder>VOC2007</folder>
  <filename>2020(1092)</filename>
  <source>
    <annotation>PASCAL VOC2007</annotation>
    <database/>
    <image>flickr</image>
    <flickrid>35435</flickrid>
  </source>
  <size>
    <width>704</width>
    <height>576</height>
    <channel>3</channel>
  </size>
  <object>
    <name>person</name>
    <pose>Unspecified</pose>
    <truncated>0</truncated>
    <difficult>0</difficult>
    <bndbox>
      <xmin>400</xmin>
      <ymin> 122</ymin>
      <xmax> 557 </xmax>
      <ymax>530</ymax>
    </bndbox>
  </object>
  <object>
    <name>person</name>
    <pose>Unspecified</pose>
    <truncated>0</truncated>
    <difficult>0</difficult>
    <bndbox>
      <xmin>168</xmin>
      <ymin> 88</ymin>
      <xmax> 329 </xmax>
      <ymax>519</ymax>
    </bndbox>
  </object>
  <object>
    <name>wheelchair</name>
    <pose>Unspecified</pose>
    <truncated>0</truncated>
    <difficult>0</difficult>
    <bndbox>
      <xmin>202</xmin>
      <ymin> 351</ymin>
      <xmax> 420 </xmax>
      <ymax>576</ymax>
    </bndbox>
  </object>
</annotation>