<?xml version="1.0" ?><annotation>
  <folder>VOC2007</folder>
  <filename>2020(105)</filename>
  <source>
    <annotation>PASCAL VOC2007</annotation>
    <database/>
    <image>flickr</image>
    <flickrid>35435</flickrid>
  </source>
  <size>
    <width>1920</width>
    <height>1080</height>
    <channel>3</channel>
  </size>
  <object>
    <name>person</name>
    <pose>Unspecified</pose>
    <truncated>0</truncated>
    <difficult>0</difficult>
    <bndbox>
      <xmin>454</xmin>
      <ymin> 9</ymin>
      <xmax> 950 </xmax>
      <ymax>561</ymax>
    </bndbox>
  </object>
  <object>
    <name>Electric-bicycle</name>
    <pose>Unspecified</pose>
    <truncated>0</truncated>
    <difficult>0</difficult>
    <bndbox>
      <xmin>504</xmin>
      <ymin> 368</ymin>
      <xmax> 1663 </xmax>
      <ymax>982</ymax>
    </bndbox>
  </object>
</annotation>