<?xml version="1.0" ?><annotation>
  <folder>VOC2007</folder>
  <filename>2020(1001)</filename>
  <source>
    <annotation>PASCAL VOC2007</annotation>
    <database/>
    <image>flickr</image>
    <flickrid>35435</flickrid>
  </source>
  <size>
    <width>704</width>
    <height>576</height>
    <channel>3</channel>
  </size>
  <object>
    <name>person</name>
    <pose>Unspecified</pose>
    <truncated>0</truncated>
    <difficult>0</difficult>
    <bndbox>
      <xmin>415</xmin>
      <ymin> 74</ymin>
      <xmax> 595 </xmax>
      <ymax>447</ymax>
    </bndbox>
  </object>
  <object>
    <name>bicycle</name>
    <pose>Unspecified</pose>
    <truncated>0</truncated>
    <difficult>0</difficult>
    <bndbox>
      <xmin>366</xmin>
      <ymin> 296</ymin>
      <xmax> 649 </xmax>
      <ymax>576</ymax>
    </bndbox>
  </object>
</annotation>