<?xml version="1.0" ?><annotation>
  <folder>VOC2007</folder>
  <filename>2020(1289)</filename>
  <source>
    <annotation>PASCAL VOC2007</annotation>
    <database/>
    <image>flickr</image>
    <flickrid>35435</flickrid>
  </source>
  <size>
    <width>704</width>
    <height>576</height>
    <channel>3</channel>
  </size>
  <object>
    <name>bicycle</name>
    <pose>Unspecified</pose>
    <truncated>0</truncated>
    <difficult>0</difficult>
    <bndbox>
      <xmin>289</xmin>
      <ymin> 294</ymin>
      <xmax> 630 </xmax>
      <ymax>576</ymax>
    </bndbox>
  </object>
  <object>
    <name>person</name>
    <pose>Unspecified</pose>
    <truncated>0</truncated>
    <difficult>0</difficult>
    <bndbox>
      <xmin>379</xmin>
      <ymin> 218</ymin>
      <xmax> 624 </xmax>
      <ymax>544</ymax>
    </bndbox>
  </object>
</annotation>