<?xml version="1.0" ?><annotation>
  <folder>VOC2007</folder>
  <filename>2020(122)</filename>
  <source>
    <annotation>PASCAL VOC2007</annotation>
    <database/>
    <image>flickr</image>
    <flickrid>35435</flickrid>
  </source>
  <size>
    <width>352</width>
    <height>288</height>
    <channel>3</channel>
  </size>
  <object>
    <name>Electric-bicycle</name>
    <pose>Unspecified</pose>
    <truncated>0</truncated>
    <difficult>0</difficult>
    <bndbox>
      <xmin>137</xmin>
      <ymin> 110</ymin>
      <xmax> 296 </xmax>
      <ymax>266</ymax>
    </bndbox>
  </object>
  <object>
    <name>person</name>
    <pose>Unspecified</pose>
    <truncated>0</truncated>
    <difficult>0</difficult>
    <bndbox>
      <xmin>213</xmin>
      <ymin> 21</ymin>
      <xmax> 312 </xmax>
      <ymax>169</ymax>
    </bndbox>
  </object>
</annotation>