<?xml version="1.0" ?><annotation>
  <folder>VOC2007</folder>
  <filename>2020(1237)</filename>
  <source>
    <annotation>PASCAL VOC2007</annotation>
    <database/>
    <image>flickr</image>
    <flickrid>35435</flickrid>
  </source>
  <size>
    <width>704</width>
    <height>576</height>
    <channel>3</channel>
  </size>
  <object>
    <name>person</name>
    <pose>Unspecified</pose>
    <truncated>0</truncated>
    <difficult>0</difficult>
    <bndbox>
      <xmin>100</xmin>
      <ymin> 191</ymin>
      <xmax> 422 </xmax>
      <ymax>561</ymax>
    </bndbox>
  </object>
  <object>
    <name>bicycle</name>
    <pose>Unspecified</pose>
    <truncated>0</truncated>
    <difficult>0</difficult>
    <bndbox>
      <xmin>91</xmin>
      <ymin> 346</ymin>
      <xmax> 510 </xmax>
      <ymax>568</ymax>
    </bndbox>
  </object>
</annotation>