<?xml version="1.0" ?><annotation>
  <folder>VOC2007</folder>
  <filename>2020(1185)</filename>
  <source>
    <annotation>PASCAL VOC2007</annotation>
    <database/>
    <image>flickr</image>
    <flickrid>35435</flickrid>
  </source>
  <size>
    <width>704</width>
    <height>576</height>
    <channel>3</channel>
  </size>
  <object>
    <name>person</name>
    <pose>Unspecified</pose>
    <truncated>0</truncated>
    <difficult>0</difficult>
    <bndbox>
      <xmin>84</xmin>
      <ymin> 288</ymin>
      <xmax> 265 </xmax>
      <ymax>575</ymax>
    </bndbox>
  </object>
  <object>
    <name>person</name>
    <pose>Unspecified</pose>
    <truncated>0</truncated>
    <difficult>0</difficult>
    <bndbox>
      <xmin>192</xmin>
      <ymin> 62</ymin>
      <xmax> 352 </xmax>
      <ymax>540</ymax>
    </bndbox>
  </object>
  <object>
    <name>person</name>
    <pose>Unspecified</pose>
    <truncated>0</truncated>
    <difficult>0</difficult>
    <bndbox>
      <xmin>370</xmin>
      <ymin> 132</ymin>
      <xmax> 527 </xmax>
      <ymax>570</ymax>
    </bndbox>
  </object>
</annotation>