<?xml version="1.0" ?><annotation>
  <folder>VOC2007</folder>
  <filename>2020(1043)</filename>
  <source>
    <annotation>PASCAL VOC2007</annotation>
    <database/>
    <image>flickr</image>
    <flickrid>35435</flickrid>
  </source>
  <size>
    <width>704</width>
    <height>576</height>
    <channel>3</channel>
  </size>
  <object>
    <name>person</name>
    <pose>Unspecified</pose>
    <truncated>0</truncated>
    <difficult>0</difficult>
    <bndbox>
      <xmin>309</xmin>
      <ymin> 298</ymin>
      <xmax> 494 </xmax>
      <ymax>571</ymax>
    </bndbox>
  </object>
  <object>
    <name>person</name>
    <pose>Unspecified</pose>
    <truncated>0</truncated>
    <difficult>0</difficult>
    <bndbox>
      <xmin>401</xmin>
      <ymin> 80</ymin>
      <xmax> 618 </xmax>
      <ymax>318</ymax>
    </bndbox>
  </object>
  <object>
    <name>wheelchair</name>
    <pose>Unspecified</pose>
    <truncated>0</truncated>
    <difficult>0</difficult>
    <bndbox>
      <xmin>431</xmin>
      <ymin> 263</ymin>
      <xmax> 597 </xmax>
      <ymax>576</ymax>
    </bndbox>
  </object>
</annotation>