<?xml version="1.0" ?><annotation>
  <folder>VOC2007</folder>
  <filename>2020(1373)</filename>
  <source>
    <annotation>PASCAL VOC2007</annotation>
    <database/>
    <image>flickr</image>
    <flickrid>35435</flickrid>
  </source>
  <size>
    <width>704</width>
    <height>576</height>
    <channel>3</channel>
  </size>
  <object>
    <name>person</name>
    <pose>Unspecified</pose>
    <truncated>0</truncated>
    <difficult>0</difficult>
    <bndbox>
      <xmin>288</xmin>
      <ymin> 145</ymin>
      <xmax> 479 </xmax>
      <ymax>463</ymax>
    </bndbox>
  </object>
  <object>
    <name>person</name>
    <pose>Unspecified</pose>
    <truncated>0</truncated>
    <difficult>0</difficult>
    <bndbox>
      <xmin>369</xmin>
      <ymin> 453</ymin>
      <xmax> 515 </xmax>
      <ymax>573</ymax>
    </bndbox>
  </object>
  <object>
    <name>bicycle</name>
    <pose>Unspecified</pose>
    <truncated>0</truncated>
    <difficult>0</difficult>
    <bndbox>
      <xmin>297</xmin>
      <ymin> 396</ymin>
      <xmax> 523 </xmax>
      <ymax>570</ymax>
    </bndbox>
  </object>
</annotation>