<?xml version="1.0" ?><annotation>
  <folder>VOC2007</folder>
  <filename>2020(103)</filename>
  <source>
    <annotation>PASCAL VOC2007</annotation>
    <database/>
    <image>flickr</image>
    <flickrid>35435</flickrid>
  </source>
  <size>
    <width>1920</width>
    <height>1080</height>
    <channel>3</channel>
  </size>
  <object>
    <name>person</name>
    <pose>Unspecified</pose>
    <truncated>0</truncated>
    <difficult>0</difficult>
    <bndbox>
      <xmin>997</xmin>
      <ymin> 517</ymin>
      <xmax> 1625 </xmax>
      <ymax>1074</ymax>
    </bndbox>
  </object>
  <object>
    <name>Electric-bicycle</name>
    <pose>Unspecified</pose>
    <truncated>0</truncated>
    <difficult>0</difficult>
    <bndbox>
      <xmin>435</xmin>
      <ymin> 183</ymin>
      <xmax> 1289 </xmax>
      <ymax>999</ymax>
    </bndbox>
  </object>
</annotation>