<?xml version="1.0" ?><annotation>
  <folder>VOC2007</folder>
  <filename>2020(106)</filename>
  <source>
    <annotation>PASCAL VOC2007</annotation>
    <database/>
    <image>flickr</image>
    <flickrid>35435</flickrid>
  </source>
  <size>
    <width>1920</width>
    <height>1080</height>
    <channel>3</channel>
  </size>
  <object>
    <name>person</name>
    <pose>Unspecified</pose>
    <truncated>0</truncated>
    <difficult>0</difficult>
    <bndbox>
      <xmin>1054</xmin>
      <ymin> 322</ymin>
      <xmax> 1713 </xmax>
      <ymax>1076</ymax>
    </bndbox>
  </object>
  <object>
    <name>Electric-bicycle</name>
    <pose>Unspecified</pose>
    <truncated>0</truncated>
    <difficult>0</difficult>
    <bndbox>
      <xmin>711</xmin>
      <ymin> 393</ymin>
      <xmax> 1646 </xmax>
      <ymax>949</ymax>
    </bndbox>
  </object>
</annotation>