<?xml version="1.0" ?><annotation>
  <folder>VOC2007</folder>
  <filename>2020(1023)</filename>
  <source>
    <annotation>PASCAL VOC2007</annotation>
    <database/>
    <image>flickr</image>
    <flickrid>35435</flickrid>
  </source>
  <size>
    <width>704</width>
    <height>576</height>
    <channel>3</channel>
  </size>
  <object>
    <name>person</name>
    <pose>Unspecified</pose>
    <truncated>0</truncated>
    <difficult>0</difficult>
    <bndbox>
      <xmin>397</xmin>
      <ymin> 34</ymin>
      <xmax> 621 </xmax>
      <ymax>417</ymax>
    </bndbox>
  </object>
  <object>
    <name>bicycle</name>
    <pose>Unspecified</pose>
    <truncated>0</truncated>
    <difficult>0</difficult>
    <bndbox>
      <xmin>304</xmin>
      <ymin> 273</ymin>
      <xmax> 617 </xmax>
      <ymax>575</ymax>
    </bndbox>
  </object>
</annotation>