<?xml version="1.0" ?><annotation>
  <folder>VOC2007</folder>
  <filename>2020(111)</filename>
  <source>
    <annotation>PASCAL VOC2007</annotation>
    <database/>
    <image>flickr</image>
    <flickrid>35435</flickrid>
  </source>
  <size>
    <width>1920</width>
    <height>1080</height>
    <channel>3</channel>
  </size>
  <object>
    <name>person</name>
    <pose>Unspecified</pose>
    <truncated>0</truncated>
    <difficult>0</difficult>
    <bndbox>
      <xmin>1092</xmin>
      <ymin> 166</ymin>
      <xmax> 1475 </xmax>
      <ymax>1070</ymax>
    </bndbox>
  </object>
  <object>
    <name>Electric-bicycle</name>
    <pose>Unspecified</pose>
    <truncated>0</truncated>
    <difficult>0</difficult>
    <bndbox>
      <xmin>848</xmin>
      <ymin> 459</ymin>
      <xmax> 1600 </xmax>
      <ymax>938</ymax>
    </bndbox>
  </object>
</annotation>