<?xml version="1.0" ?><annotation>
  <folder>VOC2007</folder>
  <filename>2020(1187)</filename>
  <source>
    <annotation>PASCAL VOC2007</annotation>
    <database/>
    <image>flickr</image>
    <flickrid>35435</flickrid>
  </source>
  <size>
    <width>704</width>
    <height>576</height>
    <channel>3</channel>
  </size>
  <object>
    <name>person</name>
    <pose>Unspecified</pose>
    <truncated>0</truncated>
    <difficult>0</difficult>
    <bndbox>
      <xmin>378</xmin>
      <ymin> 5</ymin>
      <xmax> 512 </xmax>
      <ymax>234</ymax>
    </bndbox>
  </object>
  <object>
    <name>person</name>
    <pose>Unspecified</pose>
    <truncated>0</truncated>
    <difficult>0</difficult>
    <bndbox>
      <xmin>434</xmin>
      <ymin> 398</ymin>
      <xmax> 523 </xmax>
      <ymax>511</ymax>
    </bndbox>
  </object>
  <object>
    <name>Baby-carriage</name>
    <pose>Unspecified</pose>
    <truncated>0</truncated>
    <difficult>0</difficult>
    <bndbox>
      <xmin>373</xmin>
      <ymin> 195</ymin>
      <xmax> 556 </xmax>
      <ymax>576</ymax>
    </bndbox>
  </object>
</annotation>