<?xml version="1.0" ?><annotation>
  <folder>VOC2007</folder>
  <filename>2020(1381)</filename>
  <source>
    <annotation>PASCAL VOC2007</annotation>
    <database/>
    <image>flickr</image>
    <flickrid>35435</flickrid>
  </source>
  <size>
    <width>704</width>
    <height>576</height>
    <channel>3</channel>
  </size>
  <object>
    <name>person</name>
    <pose>Unspecified</pose>
    <truncated>0</truncated>
    <difficult>0</difficult>
    <bndbox>
      <xmin>192</xmin>
      <ymin> 18</ymin>
      <xmax> 360 </xmax>
      <ymax>470</ymax>
    </bndbox>
  </object>
  <object>
    <name>person</name>
    <pose>Unspecified</pose>
    <truncated>0</truncated>
    <difficult>0</difficult>
    <bndbox>
      <xmin>337</xmin>
      <ymin> 116</ymin>
      <xmax> 536 </xmax>
      <ymax>571</ymax>
    </bndbox>
  </object>
  <object>
    <name>Baby-carriage</name>
    <pose>Unspecified</pose>
    <truncated>0</truncated>
    <difficult>0</difficult>
    <bndbox>
      <xmin>76</xmin>
      <ymin> 184</ymin>
      <xmax> 286 </xmax>
      <ymax>515</ymax>
    </bndbox>
  </object>
</annotation>