<?xml version="1.0" ?><annotation>
  <folder>VOC2007</folder>
  <filename>2020(1040)</filename>
  <source>
    <annotation>PASCAL VOC2007</annotation>
    <database/>
    <image>flickr</image>
    <flickrid>35435</flickrid>
  </source>
  <size>
    <width>704</width>
    <height>576</height>
    <channel>3</channel>
  </size>
  <object>
    <name>person</name>
    <pose>Unspecified</pose>
    <truncated>0</truncated>
    <difficult>0</difficult>
    <bndbox>
      <xmin>367</xmin>
      <ymin> 150</ymin>
      <xmax> 574 </xmax>
      <ymax>471</ymax>
    </bndbox>
  </object>
  <object>
    <name>bicycle</name>
    <pose>Unspecified</pose>
    <truncated>0</truncated>
    <difficult>0</difficult>
    <bndbox>
      <xmin>221</xmin>
      <ymin> 395</ymin>
      <xmax> 598 </xmax>
      <ymax>576</ymax>
    </bndbox>
  </object>
</annotation>