<?xml version="1.0" ?><annotation>
  <folder>VOC2007</folder>
  <filename>2020(125)</filename>
  <source>
    <annotation>PASCAL VOC2007</annotation>
    <database/>
    <image>flickr</image>
    <flickrid>35435</flickrid>
  </source>
  <size>
    <width>352</width>
    <height>288</height>
    <channel>3</channel>
  </size>
  <object>
    <name>Electric-bicycle</name>
    <pose>Unspecified</pose>
    <truncated>0</truncated>
    <difficult>0</difficult>
    <bndbox>
      <xmin>146</xmin>
      <ymin> 84</ymin>
      <xmax> 303 </xmax>
      <ymax>252</ymax>
    </bndbox>
  </object>
  <object>
    <name>person</name>
    <pose>Unspecified</pose>
    <truncated>0</truncated>
    <difficult>0</difficult>
    <bndbox>
      <xmin>80</xmin>
      <ymin> 1</ymin>
      <xmax> 175 </xmax>
      <ymax>156</ymax>
    </bndbox>
  </object>
</annotation>