<?xml version="1.0" ?><annotation>
  <folder>VOC2007</folder>
  <filename>2020(1261)</filename>
  <source>
    <annotation>PASCAL VOC2007</annotation>
    <database/>
    <image>flickr</image>
    <flickrid>35435</flickrid>
  </source>
  <size>
    <width>352</width>
    <height>288</height>
    <channel>3</channel>
  </size>
  <object>
    <name>person</name>
    <pose>Unspecified</pose>
    <truncated>0</truncated>
    <difficult>0</difficult>
    <bndbox>
      <xmin>207</xmin>
      <ymin> 126</ymin>
      <xmax> 306 </xmax>
      <ymax>258</ymax>
    </bndbox>
  </object>
  <object>
    <name>Baby-carriage</name>
    <pose>Unspecified</pose>
    <truncated>0</truncated>
    <difficult>0</difficult>
    <bndbox>
      <xmin>220</xmin>
      <ymin> 212</ymin>
      <xmax> 307 </xmax>
      <ymax>287</ymax>
    </bndbox>
  </object>
</annotation>