<?xml version="1.0" ?><annotation>
  <folder>VOC2007</folder>
  <filename>2020(1338)</filename>
  <source>
    <annotation>PASCAL VOC2007</annotation>
    <database/>
    <image>flickr</image>
    <flickrid>35435</flickrid>
  </source>
  <size>
    <width>704</width>
    <height>576</height>
    <channel>3</channel>
  </size>
  <object>
    <name>person</name>
    <pose>Unspecified</pose>
    <truncated>0</truncated>
    <difficult>0</difficult>
    <bndbox>
      <xmin>100</xmin>
      <ymin> 81</ymin>
      <xmax> 311 </xmax>
      <ymax>543</ymax>
    </bndbox>
  </object>
  <object>
    <name>Baby-carriage</name>
    <pose>Unspecified</pose>
    <truncated>0</truncated>
    <difficult>0</difficult>
    <bndbox>
      <xmin>228</xmin>
      <ymin> 174</ymin>
      <xmax> 392 </xmax>
      <ymax>460</ymax>
    </bndbox>
  </object>
  <object>
    <name>person</name>
    <pose>Unspecified</pose>
    <truncated>0</truncated>
    <difficult>0</difficult>
    <bndbox>
      <xmin>267</xmin>
      <ymin> 208</ymin>
      <xmax> 362 </xmax>
      <ymax>310</ymax>
    </bndbox>
  </object>
</annotation>