<?xml version="1.0" ?><annotation>
  <folder>VOC2007</folder>
  <filename>2020(118)</filename>
  <source>
    <annotation>PASCAL VOC2007</annotation>
    <database/>
    <image>flickr</image>
    <flickrid>35435</flickrid>
  </source>
  <size>
    <width>352</width>
    <height>288</height>
    <channel>3</channel>
  </size>
  <object>
    <name>Electric-bicycle</name>
    <pose>Unspecified</pose>
    <truncated>0</truncated>
    <difficult>0</difficult>
    <bndbox>
      <xmin>125</xmin>
      <ymin> 160</ymin>
      <xmax> 308 </xmax>
      <ymax>279</ymax>
    </bndbox>
  </object>
  <object>
    <name>person</name>
    <pose>Unspecified</pose>
    <truncated>0</truncated>
    <difficult>0</difficult>
    <bndbox>
      <xmin>129</xmin>
      <ymin> 75</ymin>
      <xmax> 248 </xmax>
      <ymax>228</ymax>
    </bndbox>
  </object>
</annotation>