<?xml version="1.0" ?><annotation>
  <folder>VOC2007</folder>
  <filename>2020(101)</filename>
  <source>
    <annotation>PASCAL VOC2007</annotation>
    <database/>
    <image>flickr</image>
    <flickrid>35435</flickrid>
  </source>
  <size>
    <width>1920</width>
    <height>1080</height>
    <channel>3</channel>
  </size>
  <object>
    <name>person</name>
    <pose>Unspecified</pose>
    <truncated>0</truncated>
    <difficult>0</difficult>
    <bndbox>
      <xmin>1070</xmin>
      <ymin> 220</ymin>
      <xmax> 1476 </xmax>
      <ymax>1056</ymax>
    </bndbox>
  </object>
  <object>
    <name>Electric-bicycle</name>
    <pose>Unspecified</pose>
    <truncated>0</truncated>
    <difficult>0</difficult>
    <bndbox>
      <xmin>840</xmin>
      <ymin> 438</ymin>
      <xmax> 1676 </xmax>
      <ymax>993</ymax>
    </bndbox>
  </object>
</annotation>