<?xml version="1.0" ?><annotation>
  <folder>VOC2007</folder>
  <filename>2020(1294)</filename>
  <source>
    <annotation>PASCAL VOC2007</annotation>
    <database/>
    <image>flickr</image>
    <flickrid>35435</flickrid>
  </source>
  <size>
    <width>352</width>
    <height>288</height>
    <channel>3</channel>
  </size>
  <object>
    <name>person</name>
    <pose>Unspecified</pose>
    <truncated>0</truncated>
    <difficult>0</difficult>
    <bndbox>
      <xmin>103</xmin>
      <ymin> 77</ymin>
      <xmax> 156 </xmax>
      <ymax>207</ymax>
    </bndbox>
  </object>
  <object>
    <name>person</name>
    <pose>Unspecified</pose>
    <truncated>0</truncated>
    <difficult>0</difficult>
    <bndbox>
      <xmin>186</xmin>
      <ymin> 26</ymin>
      <xmax> 300 </xmax>
      <ymax>243</ymax>
    </bndbox>
  </object>
</annotation>