<?xml version="1.0" ?><annotation>
  <folder>VOC2007</folder>
  <filename>2020(1262)</filename>
  <source>
    <annotation>PASCAL VOC2007</annotation>
    <database/>
    <image>flickr</image>
    <flickrid>35435</flickrid>
  </source>
  <size>
    <width>352</width>
    <height>288</height>
    <channel>3</channel>
  </size>
  <object>
    <name>person</name>
    <pose>Unspecified</pose>
    <truncated>0</truncated>
    <difficult>0</difficult>
    <bndbox>
      <xmin>134</xmin>
      <ymin> 1</ymin>
      <xmax> 204 </xmax>
      <ymax>198</ymax>
    </bndbox>
  </object>
  <object>
    <name>person</name>
    <pose>Unspecified</pose>
    <truncated>0</truncated>
    <difficult>0</difficult>
    <bndbox>
      <xmin>76</xmin>
      <ymin> 1</ymin>
      <xmax> 122 </xmax>
      <ymax>104</ymax>
    </bndbox>
  </object>
</annotation>