<?xml version="1.0" ?><annotation>
  <folder>VOC2007</folder>
  <filename>2020(1317)</filename>
  <source>
    <annotation>PASCAL VOC2007</annotation>
    <database/>
    <image>flickr</image>
    <flickrid>35435</flickrid>
  </source>
  <size>
    <width>352</width>
    <height>288</height>
    <channel>3</channel>
  </size>
  <object>
    <name>person</name>
    <pose>Unspecified</pose>
    <truncated>0</truncated>
    <difficult>0</difficult>
    <bndbox>
      <xmin>71</xmin>
      <ymin> 218</ymin>
      <xmax> 146 </xmax>
      <ymax>287</ymax>
    </bndbox>
  </object>
  <object>
    <name>person</name>
    <pose>Unspecified</pose>
    <truncated>0</truncated>
    <difficult>0</difficult>
    <bndbox>
      <xmin>1</xmin>
      <ymin> 56</ymin>
      <xmax> 108 </xmax>
      <ymax>235</ymax>
    </bndbox>
  </object>
</annotation>