<?xml version="1.0" ?><annotation>
  <folder>VOC2007</folder>
  <filename>2020(10)</filename>
  <source>
    <annotation>PASCAL VOC2007</annotation>
    <database/>
    <image>flickr</image>
    <flickrid>35435</flickrid>
  </source>
  <size>
    <width>1920</width>
    <height>1080</height>
    <channel>3</channel>
  </size>
  <object>
    <name>person</name>
    <pose>Unspecified</pose>
    <truncated>0</truncated>
    <difficult>0</difficult>
    <bndbox>
      <xmin>986</xmin>
      <ymin> 1</ymin>
      <xmax> 1433 </xmax>
      <ymax>763</ymax>
    </bndbox>
  </object>
  <object>
    <name>Electric-bicycle</name>
    <pose>Unspecified</pose>
    <truncated>0</truncated>
    <difficult>0</difficult>
    <bndbox>
      <xmin>346</xmin>
      <ymin> 416</ymin>
      <xmax> 1668 </xmax>
      <ymax>1080</ymax>
    </bndbox>
  </object>
</annotation>